<?xml version="1.0" encoding="UTF-8" standalone="yes"?>
<Paises>
    <listaPaises>
        <capital>Madrid</capital>
        <continente>Europa</continente>
        <fechaCenso>1912-12-12</fechaCenso>
        <habitantes>700000</habitantes>
        <importancia>1</importancia>
        <nombre>España</nombre>
    </listaPaises>
    <listaPaises>
        <capital>Berlin</capital>
        <continente>Europa</continente>
        <fechaCenso>1962-12-12</fechaCenso>
        <habitantes>600000</habitantes>
        <importancia>1</importancia>
        <nombre>Alemania</nombre>
    </listaPaises>
    <listaPaises>
        <capital>Paris</capital>
        <continente>Europa</continente>
        <fechaCenso>1999-10-22</fechaCenso>
        <habitantes>560000</habitantes>
        <importancia>1</importancia>
        <nombre>Francia</nombre>
    </listaPaises>
    <listaPaises>
        <capital>Roma</capital>
        <continente>Europa</continente>
        <fechaCenso>1998-11-12</fechaCenso>
        <habitantes>120000</habitantes>
        <importancia>1</importancia>
        <nombre>Italia</nombre>
    </listaPaises>
</Paises>
